[{"id":12,"categoria":"almohadon apego","nombre":"jesus y alegria","descripcion":"almohadon jebus","precio":5800,"img1":"AlmohadonApego1.png","img2":"taza_jesus.png","img3":""},{"id":1,"categoria":"almohadon apego","nombre":"maria del carmen","descripcion":"virgen","precio":6500,"img1":"AlmohadonApego1.png","img2":"taza_virgen.png","img3":""},{"id":2,"categoria":"almohadon apego","nombre":"taza jesus","descripcion":"lalala","precio":10500,"img1":"taza_jesus.png","img2":"AlmohadonApego1.png","img3":""},{"id":3,"categoria":"almohadon apego","nombre":"virgen maria","descripcion":"virgencita contenta","precio":8000,"img1":"taza_virgen.png","img2":"","img3":""}]